STATION,SEGMENT,SECTOR,BOROUGH,AVGWKDRIDER,AVGSATRIDER,AVGSUNRIDER,AVGWKND,ANN_RID,Wkdy Rank,Wknd Rank,Annual Rank
Wall St ,Broadway/7 Av (CBD),Downtown,Manhattan,12395,5956,4832,10788,3729954,76.0,112.0,82.0
Rector St ,Broadway/7 Av (CBD),Downtown,Manhattan,4898,3770,2850,6620,1606245,209.0,181.0,202.0
WTC Cortlandt ,Broadway/7 Av (CBD),Downtown,Manhattan,10218,8069,5810,13879,3358064,98.0,82.0,95.0
Chambers St ,Broadway/7 Av (CBD),Downtown,Manhattan,12798,5651,4283,9934,3782605,70.0,130.0,77.0
Franklin St ,Broadway/7 Av (CBD),Valley,Manhattan,4337,2400,1822,4222,1329726,227.0,248.0,234.0
Canal St ,Broadway/7 Av (CBD),Valley,Manhattan,3595,2446,1906,4352,1148885,276.0,245.0,270.0
Houston St ,Broadway/7 Av (CBD),Valley,Manhattan,8908,5107,3926,9033,2749660,112.0,140.0,123.0
Christopher St-Sheridan Sq ,Broadway/7 Av (CBD),Valley,Manhattan,7965,8168,6497,14665,2817379,138.0,74.0,118.0
18 St ,Broadway/7 Av (CBD),Valley,Manhattan,5607,4212,3074,7286,1813302,180.0,170.0,177.0
23 St ,Broadway/7 Av (CBD),Valley,Manhattan,9477,7759,6055,13814,3154290,106.0,84.0,103.0
28 St ,Broadway/7 Av (CBD),Valley,Manhattan,9576,6268,4878,11146,3038057,104.0,104.0,105.0
34 St-Penn Station ,Broadway/7 Av (CBD),Midtown,Manhattan,47315,30824,27616,58440,15224047,8.0,9.0,8.0
50 St ,Broadway/7 Av (CBD),Midtown,Manhattan,18190,12933,10279,23212,5893837,38.0,31.0,35.0
66 St-Lincoln Center ,Broadway/7 Av (Non-CBD),Upper Manhattan,Manhattan,14897,10423,7856,18279,4771815,58.0,49.0,57.0
72 St ,Broadway/7 Av (Non-CBD),Upper Manhattan,Manhattan,27088,21854,18756,40610,9086110,22.0,17.0,22.0
79 St ,Broadway/7 Av (Non-CBD),Upper Manhattan,Manhattan,10651,8160,6821,14981,3519664,93.0,72.0,90.0
86 St. ,Broadway/7 Av (Non-CBD),Upper Manhattan,Manhattan,12406,8404,6876,15280,3983729,74.0,69.0,70.0
96 St ,Broadway/7 Av (Non-CBD),Upper Manhattan,Manhattan,24224,16964,14355,31319,7856393,23.0,24.0,24.0
103 St ,Upper Broadway,Upper Manhattan,Manhattan,8775,6689,5483,12172,2892314,114.0,95.0,113.0
Cathedral Pkwy-110 St ,Upper Broadway,Upper Manhattan,Manhattan,8721,6908,5643,12551,2898816,117.0,91.0,112.0
116 St-Columbia University ,Upper Broadway,Upper Manhattan,Manhattan,11001,6372,5139,11511,3416295,88.0,100.0,93.0
125 St ,Upper Broadway,Upper Manhattan,Manhattan,6175,4300,3381,7681,1986493,168.0,165.0,167.0
137 St-City College ,Upper Broadway,Upper Manhattan,Manhattan,8428,6111,4892,11003,2738004,126.0,107.0,124.0
145 St ,Upper Broadway,Upper Manhattan,Manhattan,6447,4648,3790,8438,2100654,162.0,149.0,159.0
157 St ,Upper Broadway,Upper Manhattan,Manhattan,7148,4686,3926,8612,2288380,144.0,147.0,145.0
181 St ,Upper Broadway,Upper Manhattan,Manhattan,7582,4858,4076,8934,2416958,141.0,143.0,141.0
191 St ,Upper Broadway,Upper Manhattan,Manhattan,5348,3190,2695,5885,1682168,188.0,197.0,191.0
Dyckman St ,Upper Broadway,Upper Manhattan,Manhattan,4704,3182,2600,5782,1512897,212.0,200.0,214.0
207 St ,Upper Broadway,Upper Manhattan,Manhattan,4255,2735,2221,4956,1352957,233.0,227.0,228.0
215 St ,Upper Broadway,Upper Manhattan,Manhattan,1485,870,659,1529,459810,396.0,375.0,393.0
Marble Hill-225 St ,Upper Broadway,Upper Manhattan,Manhattan,3429,1967,1607,3574,1067679,284.0,274.0,283.0
231 St ,Upper Broadway,Bronx,Bronx,6165,3326,2651,5977,1894047,169.0,193.0,172.0
238 St ,Upper Broadway,Bronx,Bronx,3104,1727,1414,3141,959752,298.0,295.0,298.0
Van Cortlandt Park-242 St ,Upper Broadway,Bronx,Bronx,4695,2257,1715,3972,1409910,213.0,261.0,223.0
Central Park North-110 St ,Lenox Av,Upper Manhattan,Manhattan,4915,3472,2925,6397,1598022,207.0,188.0,203.0
116 St ,Lenox Av,Upper Manhattan,Manhattan,6164,4401,3859,8260,2014762,170.0,153.0,166.0
125 St ,Lenox Av,Upper Manhattan,Manhattan,8198,5719,5131,10850,2672981,135.0,110.0,131.0
135 St ,Lenox Av,Upper Manhattan,Manhattan,6985,4333,3525,7858,2201400,149.0,158.0,149.0
145 St ,Lenox Av,Upper Manhattan,Manhattan,1890,979,766,1745,574727,369.0,357.0,369.0
Harlem-148 St ,Lenox Av,Upper Manhattan,Manhattan,2172,1307,1043,2350,679539,353.0,331.0,353.0
Bowling Green ,Lexington Av (CBD),Downtown,Manhattan,14906,7984,6353,14337,4575586,57.0,77.0,60.0
Wall St ,Lexington Av (CBD),Downtown,Manhattan,11163,5721,4531,10252,3393094,84.0,125.0,94.0
Spring St ,Lexington Av (CBD),Valley,Manhattan,8253,9241,6896,16137,2969643,133.0,65.0,108.0
Astor Place ,Lexington Av (CBD),Valley,Manhattan,11137,9357,7161,16518,3717074,85.0,62.0,84.0
23 St ,Lexington Av (CBD),Valley,Manhattan,17987,9096,6559,15655,5409296,39.0,67.0,47.0
28 St ,Lexington Av (CBD),Valley,Manhattan,13996,8531,6720,15251,4380514,63.0,70.0,62.0
33 St ,Lexington Av (CBD),Midtown,Manhattan,18307,10686,8041,18727,5666586,37.0,47.0,40.0
68 St-Hunter College ,Lexington Av (Non-CBD),Upper Manhattan,Manhattan,17986,6472,4640,11112,5164087,40.0,105.0,50.0
77 St ,Lexington Av (Non-CBD),Upper Manhattan,Manhattan,20406,11164,8208,19372,6231273,30.0,44.0,31.0
86 St. ,Lexington Av (Non-CBD),Upper Manhattan,Manhattan,32712,22996,17020,40016,10472358,16.0,19.0,18.0
96 St ,Lexington Av (Non-CBD),Upper Manhattan,Manhattan,12647,5699,4429,10128,3760351,72.0,126.0,80.0
103 St ,Lexington Av (Non-CBD),Upper Manhattan,Manhattan,8513,4560,3500,8060,2601308,122.0,156.0,136.0
110 St ,Lexington Av (Non-CBD),Upper Manhattan,Manhattan,6704,4117,3097,7214,2096322,158.0,174.0,161.0
116 St ,Lexington Av (Non-CBD),Upper Manhattan,Manhattan,8766,5491,4386,9877,2766817,115.0,131.0,121.0
125 St ,Lexington Av (Non-CBD),Upper Manhattan,Manhattan,15497,9453,7933,17386,4884086,55.0,57.0,55.0
138 St-Grand Concourse ,Jerome Av,Bronx,Bronx,2546,1458,1092,2550,785271,336.0,322.0,336.0
167 St ,Jerome Av,Bronx,Bronx,5807,4400,3419,7819,1901393,175.0,160.0,171.0
170 St ,Jerome Av,Bronx,Bronx,4495,3153,2452,5605,1448193,222.0,207.0,219.0
Mt Eden Av ,Jerome Av,Bronx,Bronx,3106,2086,1614,3700,990912,297.0,269.0,295.0
176 St ,Jerome Av,Bronx,Bronx,3230,2264,1775,4039,1041352,290.0,258.0,287.0
Burnside Av ,Jerome Av,Bronx,Bronx,5773,4376,3431,7807,1891402,176.0,161.0,173.0
183 St ,Jerome Av,Bronx,Bronx,3611,2780,2193,4973,1188844,275.0,226.0,263.0
Fordham Rd ,Jerome Av,Bronx,Bronx,6716,5933,4439,10372,2269772,157.0,123.0,146.0
Kingsbridge Rd ,Jerome Av,Bronx,Bronx,6045,4350,3409,7759,1958074,171.0,163.0,169.0
Bedford Park Blvd-Lehman College ,Jerome Av,Bronx,Bronx,3634,2683,2135,4818,1182701,273.0,229.0,264.0
Mosholu Pkwy ,Jerome Av,Bronx,Bronx,5394,3707,2886,6593,1728114,186.0,183.0,182.0
Woodlawn ,Jerome Av,Bronx,Bronx,4228,2360,1776,4136,1299027,238.0,251.0,238.0
3 Av-149 St ,White Plains Rd,Bronx,Bronx,10994,5716,4243,9959,3333256,89.0,129.0,97.0
Jackson Av ,White Plains Rd,Bronx,Bronx,3066,1475,1070,2545,919324,303.0,324.0,308.0
Prospect Av ,White Plains Rd,Bronx,Bronx,4136,2053,1554,3607,1248614,243.0,273.0,247.0
Intervale Av ,White Plains Rd,Bronx,Bronx,1915,956,754,1710,580512,366.0,362.0,366.0
Simpson St ,White Plains Rd,Bronx,Bronx,4374,2416,1693,4109,1336897,226.0,254.0,232.0
Freeman St ,White Plains Rd,Bronx,Bronx,2690,1431,1097,2528,822237,327.0,325.0,327.0
174 St ,White Plains Rd,Bronx,Bronx,3664,1944,1481,3425,1118781,271.0,278.0,276.0
West Farms Sq-East Tremont Av ,White Plains Rd,Bronx,Bronx,3202,1884,1473,3357,997755,292.0,285.0,293.0
East 180 St ,White Plains Rd,Bronx,Bronx,5459,3153,2421,5574,1690373,184.0,209.0,186.0
Bronx Park East ,White Plains Rd,Bronx,Bronx,1516,731,568,1299,456352,393.0,385.0,395.0
Pelham Pkwy ,White Plains Rd,Bronx,Bronx,5519,2930,2275,5205,1686103,182.0,221.0,188.0
Allerton Av ,White Plains Rd,Bronx,Bronx,2836,1580,1226,2806,874229,315.0,309.0,314.0
Burke Av ,White Plains Rd,Bronx,Bronx,1755,887,700,1587,532937,377.0,369.0,378.0
Gun Hill Rd ,White Plains Rd,Bronx,Bronx,3897,2298,1817,4115,1214663,255.0,253.0,251.0
219 St ,White Plains Rd,Bronx,Bronx,1584,900,703,1603,490047,391.0,368.0,386.0
225 St ,White Plains Rd,Bronx,Bronx,1917,1057,815,1872,589541,365.0,350.0,363.0
233 St ,White Plains Rd,Bronx,Bronx,2754,1505,1149,2654,845056,322.0,318.0,321.0
Nereid Av ,White Plains Rd,Bronx,Bronx,1948,941,693,1634,583996,360.0,365.0,365.0
Wakefield-241 St ,White Plains Rd,Bronx,Bronx,2544,1539,1167,2706,794723,337.0,314.0,335.0
Morris Park ,Dyre Av,Bronx,Bronx,1820,660,437,1097,521846,375.0,393.0,380.0
Pelham Pkwy ,Dyre Av,Bronx,Bronx,2014,591,386,977,564687,359.0,403.0,370.0
Gun Hill Rd ,Dyre Av,Bronx,Bronx,3189,1230,864,2094,925025,294.0,338.0,306.0
Baychester Av ,Dyre Av,Bronx,Bronx,1875,692,479,1171,540493,371.0,389.0,375.0
Eastchester-Dyre Av ,Dyre Av,Bronx,Bronx,2576,806,537,1343,727475,334.0,384.0,347.0
3 Av-138 St ,Pelham,Bronx,Bronx,5708,3035,2477,5512,1750592,177.0,213.0,181.0
Brook Av ,Pelham,Bronx,Bronx,3540,2075,1664,3739,1104521,279.0,266.0,278.0
Cypress Av ,Pelham,Bronx,Bronx,1643,886,647,1533,501060,386.0,374.0,383.0
East 143 St-St Mary's St ,Pelham,Bronx,Bronx,890,335,184,519,254155,414.0,415.0,414.0
East 149 St ,Pelham,Bronx,Bronx,3100,1808,1455,3263,966053,299.0,289.0,297.0
Longwood Av ,Pelham,Bronx,Bronx,2258,1166,901,2067,686670,351.0,341.0,351.0
Hunts Point Av ,Pelham,Bronx,Bronx,6976,3826,2927,6753,2140557,150.0,178.0,156.0
Whitlock Av ,Pelham,Bronx,Bronx,1250,704,544,1248,385838,404.0,388.0,403.0
Elder Av ,Pelham,Bronx,Bronx,3846,2412,1907,4319,1214084,260.0,246.0,254.0
Morrison Av-Soundview ,Pelham,Bronx,Bronx,3930,2259,1815,4074,1221900,253.0,256.0,250.0
St. Lawrence Ave. ,Pelham,Bronx,Bronx,2590,1589,1302,2891,816020,332.0,304.0,330.0
Parkchester ,Pelham,Bronx,Bronx,10497,6494,5077,11571,3295956,96.0,99.0,99.0
Castle Hill Av ,Pelham,Bronx,Bronx,3619,1348,1019,2367,1051526,274.0,330.0,285.0
Zerega Av ,Pelham,Bronx,Bronx,1760,594,450,1044,504725,376.0,401.0,382.0
Westchester Sq-East Tremont Av ,Pelham,Bronx,Bronx,2685,951,703,1654,773043,328.0,364.0,338.0
Middletown Rd ,Pelham,Bronx,Bronx,1416,454,326,780,401976,398.0,409.0,401.0
Buhre Av ,Pelham,Bronx,Bronx,2616,997,729,1726,758972,329.0,360.0,340.0
Pelham Bay Park ,Pelham,Bronx,Bronx,3863,2008,1634,3642,1180813,257.0,271.0,265.0
34 St-Hudson Yards ,Flushing (Manhattan),Midtown,Manhattan,17443,10504,8562,19066,5494067,44.0,45.0,44.0
Rector St ,Broadway-60 St,Downtown,Manhattan,3719,1842,1512,3354,1127341,267.0,286.0,273.0
City Hall ,Broadway-60 St,Downtown,Manhattan,3842,1654,1333,2987,1138401,261.0,300.0,272.0
Prince St ,Broadway-60 St,Valley,Manhattan,8363,10485,7997,18482,3128710,128.0,48.0,104.0
8 St-New York University ,Broadway-60 St,Valley,Manhattan,11078,10025,7878,17903,3780675,87.0,51.0,78.0
23 St ,Broadway-60 St,Valley,Manhattan,12955,10062,7813,17875,4260867,69.0,52.0,65.0
28 St ,Broadway-60 St,Valley,Manhattan,8039,6972,5431,12403,2717163,136.0,92.0,127.0
49 St ,Broadway-60 St,Midtown,Manhattan,16368,14436,11290,25726,5566042,51.0,28.0,41.0
57 St-7 Av ,Broadway-60 St,Midtown,Manhattan,23422,18589,15023,33612,7787658,26.0,23.0,25.0
5 Av-59 St ,Broadway-60 St,Midtown,Manhattan,10589,7662,6582,14244,3485505,94.0,80.0,91.0
72 St ,2 Av,Midtown,Manhattan,21191,11698,8643,20341,6478996,27.0,42.0,29.0
86 St ,2 Av,Midtown,Manhattan,16639,13067,9467,22534,5443029,48.0,34.0,45.0
96 St ,2 Av,Midtown,Manhattan,12093,7885,6141,14026,3832205,77.0,81.0,76.0
Broad St ,Nassau St,Downtown,Manhattan,3982,2134,1571,3705,1214353,250.0,268.0,253.0
Bowery ,Nassau St,Valley,Manhattan,2441,2712,2176,4888,887619,344.0,228.0,311.0
3 Av ,14 St,Valley,Manhattan,4544,4279,3260,7539,1564084,219.0,167.0,209.0
1 Av ,14 St,Valley,Manhattan,17338,13992,10601,24593,5745700,45.0,29.0,38.0
Grand St ,6 Av,Valley,Manhattan,17686,13131,11065,24196,5821650,43.0,30.0,37.0
East Broadway ,6 Av,Valley,Manhattan,11083,9129,7646,16775,3729749,86.0,60.0,83.0
2 Av ,6 Av,Valley,Manhattan,11660,12750,10094,22844,4192759,82.0,33.0,69.0
23 St ,6 Av,Valley,Manhattan,17867,9422,6964,16386,5423352,41.0,64.0,46.0
47-50 Sts-Rockefeller Center ,6 Av,Midtown,Manhattan,38077,17706,13201,30907,11387612,12.0,25.0,13.0
Canal St ,8 Av,Valley,Manhattan,12596,7724,6116,13840,3950546,73.0,83.0,71.0
Spring St ,8 Av,Valley,Manhattan,9575,5279,4155,9434,2941927,105.0,135.0,109.0
23 St ,8 Av,Valley,Manhattan,14132,8302,6199,14501,4370344,62.0,75.0,63.0
34 St-Penn Station ,8 Av,Midtown,Manhattan,52563,34790,31206,65996,16974543,6.0,5.0,6.0
50 St ,8 Av,Midtown,Manhattan,14477,11911,9814,21725,4857531,60.0,38.0,56.0
7 Av ,53 St,Midtown,Manhattan,12405,7489,6053,13542,3892682,75.0,87.0,75.0
5 Av-53 St ,53 St,Midtown,Manhattan,16224,6361,4848,11209,4733296,53.0,102.0,58.0
57 St ,63 St,Midtown,Manhattan,8302,4853,3919,8772,2582091,131.0,145.0,137.0
Roosevelt Island ,63 St,Upper Manhattan,Manhattan,5078,3915,3358,7273,1686544,197.0,172.0,187.0
72 St ,8 Av/Central Pk W,Upper Manhattan,Manhattan,6968,5510,4932,10442,2343378,151.0,120.0,143.0
81 St-Museum of Natural History ,8 Av/Central Pk W,Upper Manhattan,Manhattan,10165,9203,8219,17422,3531009,99.0,56.0,89.0
86 St. ,8 Av/Central Pk W,Upper Manhattan,Manhattan,7976,4620,3853,8473,2486809,137.0,148.0,139.0
96 St ,8 Av/Central Pk W,Upper Manhattan,Manhattan,6986,3475,3136,6611,2133657,148.0,182.0,158.0
103 St ,8 Av/Central Pk W,Upper Manhattan,Manhattan,3204,2168,1843,4011,1033211,291.0,259.0,289.0
Cathedral Pkwy-110 St ,8 Av/Central Pk W,Upper Manhattan,Manhattan,5217,3608,2984,6592,1684290,192.0,184.0,189.0
116 St ,8 Av/Central Pk W,Upper Manhattan,Manhattan,4555,2977,2605,5582,1459488,218.0,208.0,217.0
125 St ,8 Av/Central Pk W,Upper Manhattan,Manhattan,17239,11650,9759,21409,5543346,46.0,39.0,42.0
135 St ,8 Av/Central Pk W,Upper Manhattan,Manhattan,3563,1829,1458,3287,1083148,278.0,288.0,279.0
145 St ,8 Av/Central Pk W,Upper Manhattan,Manhattan,14613,9924,7865,17789,4678774,59.0,53.0,59.0
155 St ,Washington Heights,Upper Manhattan,Manhattan,1644,1226,1016,2242,539511,385.0,333.0,376.0
163 St-Amsterdam Av ,Washington Heights,Upper Manhattan,Manhattan,2583,1849,1527,3376,840255,333.0,283.0,322.0
175 St ,Washington Heights,Upper Manhattan,Manhattan,7326,4085,3209,7294,2258838,143.0,169.0,147.0
181 St ,Washington Heights,Upper Manhattan,Manhattan,5646,3250,2594,5844,1751997,179.0,199.0,180.0
190 St ,Washington Heights,Upper Manhattan,Manhattan,3081,1738,1391,3129,951786,302.0,296.0,301.0
Dyckman St ,Washington Heights,Upper Manhattan,Manhattan,4145,2665,2020,4685,1306098,240.0,234.0,236.0
Inwood-207 St ,Washington Heights,Upper Manhattan,Manhattan,5181,3387,2495,5882,1632951,194.0,198.0,198.0
155 St ,Concourse,Upper Manhattan,Manhattan,1920,999,772,1771,585619,363.0,355.0,364.0
167 St ,Concourse,Bronx,Bronx,4926,1565,1268,2833,1411144,206.0,306.0,222.0
170 St ,Concourse,Bronx,Bronx,3529,1030,813,1843,1001022,280.0,354.0,292.0
174-175 Sts ,Concourse,Bronx,Bronx,2746,754,598,1352,774167,324.0,383.0,337.0
Tremont Av ,Concourse,Bronx,Bronx,4238,1132,896,2028,1192367,236.0,342.0,261.0
182-183 Sts ,Concourse,Bronx,Bronx,2893,888,697,1585,824845,313.0,370.0,326.0
Fordham Rd ,Concourse,Bronx,Bronx,6533,1844,1401,3245,1842281,160.0,293.0,175.0
Kingsbridge Rd ,Concourse,Bronx,Bronx,4060,1076,863,1939,1140981,246.0,347.0,271.0
Bedford Park Blvd ,Concourse,Bronx,Bronx,4139,1151,917,2068,1166942,242.0,340.0,269.0
Norwood-205 St ,Concourse,Bronx,Bronx,4255,1130,895,2025,1196666,233.0,343.0,258.0
South Ferry ,Manhattan CBD Transfer,Downtown,Manhattan,18765,12163,10068,22231,5995305,36.0,35.0,33.0
Fulton St ,Manhattan CBD Transfer,Downtown,Manhattan,57533,33827,26140,59967,17887203,5.0,7.0,5.0
Chambers St ,Manhattan CBD Transfer,Downtown,Manhattan,40703,20121,15823,35944,12298422,11.0,21.0,11.0
Brooklyn Bridge-City Hall ,Manhattan CBD Transfer,Downtown,Manhattan,19361,9801,7767,17568,5881022,34.0,55.0,36.0
Canal St ,Manhattan CBD Transfer,Valley,Manhattan,30763,27552,21991,49543,10521747,18.0,11.0,17.0
Delancey St ,Manhattan CBD Transfer,Valley,Manhattan,20608,19136,15124,34260,7083681,29.0,22.0,27.0
Broadway-Lafayette St ,Manhattan CBD Transfer,Valley,Manhattan,27303,24540,18810,43350,9268403,21.0,16.0,21.0
West 4 St-Washington Sq ,Manhattan CBD Transfer,Valley,Manhattan,29048,26935,21812,48747,10011362,20.0,12.0,19.0
14 St ,Manhattan CBD Transfer,Valley,Manhattan,32462,26755,21429,48184,10863467,17.0,13.0,16.0
14 St ,Manhattan CBD Transfer,Valley,Manhattan,34811,25789,20149,45938,11328347,15.0,14.0,15.0
14 St-Union Sq ,Manhattan CBD Transfer,Valley,Manhattan,65104,52833,39826,92659,21527757,4.0,4.0,4.0
34 St-Herald Sq ,Manhattan CBD Transfer,Midtown,Manhattan,72890,52032,42305,94337,23680977,3.0,3.0,3.0
Times Sq-42 St ,Manhattan CBD Transfer,Midtown,Manhattan,167487,118982,94726,213708,54266441,1.0,1.0,1.0
Grand Central-42 St ,Manhattan CBD Transfer,Midtown,Manhattan,99308,53390,43385,96775,30517475,2.0,2.0,2.0
Lexington Av-53 St ,Manhattan CBD Transfer,Midtown,Manhattan,38077,17568,13194,30762,11339465,12.0,26.0,14.0
59 St-Columbus Circle ,Manhattan CBD Transfer,Midtown,Manhattan,48661,34669,29149,63818,15842348,7.0,6.0,7.0
Lexington Av ,Manhattan CBD Transfer,Midtown,Manhattan,37615,22197,17161,39358,11691818,14.0,20.0,12.0
Lexington Av-63 St ,Manhattan CBD Transfer,Midtown,Manhattan,11945,7398,5662,13060,3736349,79.0,89.0,81.0
168 St ,Upper Manhattan/Bronx Transfer,Upper Manhattan,Manhattan,16523,9909,7844,17753,5161102,50.0,54.0,51.0
149 St-Grand Concourse ,Upper Manhattan/Bronx Transfer,Bronx,Bronx,6789,3690,2993,6683,2087779,154.0,180.0,162.0
161 St-Yankee Stadium ,Upper Manhattan/Bronx Transfer,Bronx,Bronx,16043,12646,10286,22932,5316351,54.0,32.0,49.0
New Lots Av ,New Lots,Other Brooklyn,Brooklyn,3495,1786,1465,3251,1066391,281.0,291.0,284.0
Van Siclen Av ,New Lots,Other Brooklyn,Brooklyn,1616,823,662,1485,491980,387.0,376.0,385.0
Pennsylvania Av ,New Lots,Other Brooklyn,Brooklyn,2818,1559,1229,2788,868432,317.0,311.0,316.0
Junius St ,New Lots,Other Brooklyn,Brooklyn,1567,900,732,1632,487780,392.0,366.0,387.0
Rockaway Av ,New Lots,Other Brooklyn,Brooklyn,2751,1424,1123,2547,838719,323.0,323.0,323.0
Saratoga Av ,New Lots,Other Brooklyn,Brooklyn,3122,1514,1182,2696,941203,295.0,315.0,304.0
Sutter Av-Rutland Rd ,New Lots,Other Brooklyn,Brooklyn,4178,2159,1698,3857,1272857,239.0,263.0,241.0
Crown Heights-Utica Av ,New Lots,Other Brooklyn,Brooklyn,16318,9448,7496,16944,5071387,52.0,59.0,52.0
Kingston Av ,New Lots,Other Brooklyn,Brooklyn,3233,1617,1896,3513,1017521,289.0,277.0,290.0
Nostrand Av ,New Lots,Other Brooklyn,Brooklyn,2512,1715,1375,3090,809205,340.0,298.0,331.0
Flatbush Av-Brooklyn College ,Nostrand Av,Other Brooklyn,Brooklyn,11967,5798,4489,10287,3601151,78.0,124.0,87.0
Newkirk Av ,Nostrand Av,Other Brooklyn,Brooklyn,4638,2542,2000,4542,1426266,216.0,240.0,221.0
Beverly Rd ,Nostrand Av,Other Brooklyn,Brooklyn,3044,1812,1443,3255,951520,304.0,290.0,302.0
Church Av ,Nostrand Av,Other Brooklyn,Brooklyn,6201,3860,2968,6828,1947722,166.0,177.0,170.0
Winthrop St ,Nostrand Av,Other Brooklyn,Brooklyn,5379,2701,2115,4816,1628419,187.0,230.0,199.0
Sterling St. ,Nostrand Av,Other Brooklyn,Brooklyn,3910,2365,1910,4275,1227426,254.0,247.0,249.0
President St ,Nostrand Av,Other Brooklyn,Brooklyn,2450,1222,951,2173,742431,343.0,336.0,344.0
Eastern Pkwy-Brooklyn Museum ,Eastern Pkwy,Other Brooklyn,Brooklyn,3198,3291,2602,5893,1125810,293.0,196.0,274.0
Grand Army Plaza ,Eastern Pkwy,Other Brooklyn,Brooklyn,5055,3759,2990,6749,1653318,198.0,179.0,195.0
Bergen St ,Eastern Pkwy,Other Brooklyn,Brooklyn,3009,2335,1859,4194,990992,308.0,249.0,294.0
Nevins St ,Eastern Pkwy,Brooklyn CBD,Brooklyn,6665,4578,3615,8193,2136592,159.0,154.0,157.0
Hoyt St ,Eastern Pkwy,Brooklyn CBD,Brooklyn,5087,3759,3203,6962,1666303,196.0,176.0,192.0
Clark St ,Eastern Pkwy,Other Brooklyn,Brooklyn,4481,4116,3532,7648,1554195,223.0,166.0,210.0
Bay Ridge-95 St ,4 Av,Other Brooklyn,Brooklyn,3829,2087,1649,3736,1176225,263.0,267.0,266.0
86 St. ,4 Av,Other Brooklyn,Brooklyn,8488,5001,3742,8743,2636985,124.0,146.0,133.0
77 St ,4 Av,Other Brooklyn,Brooklyn,3849,2294,1694,3988,1194631,258.0,260.0,260.0
Bay Ridge Av ,4 Av,Other Brooklyn,Brooklyn,5690,3521,2699,6220,1784703,178.0,190.0,178.0
59 St ,4 Av,Other Brooklyn,Brooklyn,9087,5548,4450,9998,2855080,110.0,128.0,115.0
53 St ,4 Av,Other Brooklyn,Brooklyn,6384,4011,3246,7257,2018914,163.0,173.0,165.0
45 St ,4 Av,Other Brooklyn,Brooklyn,5886,3918,3210,7128,1884446,173.0,175.0,174.0
36 St ,4 Av,Other Brooklyn,Brooklyn,10764,7497,5876,13373,3458960,91.0,88.0,92.0
25 St ,4 Av,Other Brooklyn,Brooklyn,2613,1643,1268,2911,822024,330.0,303.0,328.0
Prospect Av ,4 Av,Other Brooklyn,Brooklyn,4237,2355,1778,4133,1299538,237.0,252.0,237.0
Union St ,4 Av,Other Brooklyn,Brooklyn,5142,3584,2754,6338,1646253,195.0,189.0,197.0
86 St. ,Sea Beach,Other Brooklyn,Brooklyn,1728,1204,985,2189,557808,379.0,335.0,372.0
Avenue U ,Sea Beach,Other Brooklyn,Brooklyn,2725,1831,1583,3414,877440,325.0,280.0,313.0
Kings Hwy ,Sea Beach,Other Brooklyn,Brooklyn,3873,2609,2182,4791,1247257,256.0,232.0,248.0
Bay Pkwy ,Sea Beach,Other Brooklyn,Brooklyn,4977,3282,2737,6019,1594271,205.0,192.0,204.0
20 Av ,Sea Beach,Other Brooklyn,Brooklyn,3018,1614,1373,2987,931058,306.0,300.0,305.0
18 Av ,Sea Beach,Other Brooklyn,Brooklyn,3682,2494,2157,4651,1190431,269.0,236.0,262.0
Fort Hamilton Pkwy ,Sea Beach,Other Brooklyn,Brooklyn,4893,2856,2350,5206,1530067,210.0,220.0,212.0
8 Av ,Sea Beach,Other Brooklyn,Brooklyn,7895,5218,4815,10033,2561457,139.0,127.0,138.0
Bay 50 St ,West End,Other Brooklyn,Brooklyn,1865,1020,839,1859,575901,372.0,352.0,368.0
25 Av ,West End,Other Brooklyn,Brooklyn,3031,1768,1478,3246,948677,305.0,292.0,303.0
Bay Pkwy ,West End,Other Brooklyn,Brooklyn,5472,3173,2722,5895,1714685,183.0,195.0,184.0
20 Av ,West End,Other Brooklyn,Brooklyn,3571,2160,1809,3969,1125752,277.0,262.0,275.0
18 Av ,West End,Other Brooklyn,Brooklyn,4279,2462,2069,4531,1336402,231.0,241.0,233.0
79 St ,West End,Other Brooklyn,Brooklyn,4252,2286,1887,4173,1311172,235.0,250.0,235.0
71 St ,West End,Other Brooklyn,Brooklyn,3396,2046,1703,3749,1069576,286.0,265.0,282.0
55 St ,West End,Other Brooklyn,Brooklyn,1393,473,665,1138,418218,400.0,391.0,399.0
50 St ,West End,Other Brooklyn,Brooklyn,2501,938,1164,2102,753338,341.0,337.0,342.0
Fort Hamilton Pkwy ,West End,Other Brooklyn,Brooklyn,2866,1310,1308,2618,873254,314.0,320.0,315.0
9 Av ,West End,Other Brooklyn,Brooklyn,3993,2475,2038,4513,1263578,248.0,242.0,244.0
Ocean Pkwy ,Brighton,Other Brooklyn,Brooklyn,2315,1487,1332,2819,744994,349.0,308.0,343.0
Brighton Beach ,Brighton,Other Brooklyn,Brooklyn,8299,4936,4546,9482,2635382,132.0,134.0,134.0
Sheepshead Bay ,Brighton,Other Brooklyn,Brooklyn,9420,4281,3513,7794,2821135,107.0,162.0,117.0
Neck Rd ,Brighton,Other Brooklyn,Brooklyn,3098,1675,1394,3069,956059,300.0,299.0,299.0
Avenue U ,Brighton,Other Brooklyn,Brooklyn,5055,2964,2564,5528,1589246,198.0,212.0,205.0
Kings Hwy ,Brighton,Other Brooklyn,Brooklyn,14143,6334,5493,11827,4244252,61.0,98.0,66.0
Avenue M ,Brighton,Other Brooklyn,Brooklyn,3987,1770,1798,3568,1211324,249.0,275.0,255.0
Avenue J ,Brighton,Other Brooklyn,Brooklyn,3809,1827,1793,3620,1169052,265.0,272.0,268.0
Avenue H ,Brighton,Other Brooklyn,Brooklyn,2141,1006,866,1872,646824,354.0,350.0,354.0
Newkirk Plaza ,Brighton,Other Brooklyn,Brooklyn,7134,3573,2936,6509,2170621,145.0,186.0,151.0
Cortelyou Rd ,Brighton,Other Brooklyn,Brooklyn,4098,2515,2125,4640,1296344,245.0,237.0,239.0
Beverley Rd ,Brighton,Other Brooklyn,Brooklyn,2528,1547,1243,2790,795709,339.0,310.0,334.0
Church Av ,Brighton,Other Brooklyn,Brooklyn,10537,5292,4137,9429,3194658,95.0,136.0,102.0
Parkside Av ,Brighton,Other Brooklyn,Brooklyn,4102,3055,2503,5558,1348897,244.0,210.0,229.0
7 Av ,Brighton,Other Brooklyn,Brooklyn,7104,3711,2818,6529,2160144,146.0,185.0,153.0
Park Pl ,Franklin Av,Other Brooklyn,Brooklyn,1090,706,591,1297,348208,410.0,386.0,409.0
Neptune Av ,Culver,Other Brooklyn,Brooklyn,1178,210,182,392,320508,407.0,420.0,410.0
Avenue X ,Culver,Other Brooklyn,Brooklyn,1744,368,296,664,479429,378.0,410.0,388.0
Avenue U ,Culver,Other Brooklyn,Brooklyn,1385,340,292,632,386152,401.0,411.0,402.0
Kings Hwy ,Culver,Other Brooklyn,Brooklyn,2422,905,796,1701,711229,345.0,363.0,349.0
Avenue P ,Culver,Other Brooklyn,Brooklyn,1888,558,487,1045,538576,370.0,400.0,377.0
Avenue N ,Culver,Other Brooklyn,Brooklyn,2120,583,510,1093,600279,355.0,394.0,360.0
Bay Pkwy ,Culver,Other Brooklyn,Brooklyn,986,290,237,527,279620,413.0,414.0,413.0
Avenue I ,Culver,Other Brooklyn,Brooklyn,1359,298,334,632,381174,402.0,411.0,404.0
18 Av ,Culver,Other Brooklyn,Brooklyn,2531,730,704,1434,724074,338.0,378.0,348.0
Ditmas Av ,Culver,Other Brooklyn,Brooklyn,3007,754,727,1481,848061,309.0,377.0,320.0
Church Av ,Culver,Other Brooklyn,Brooklyn,6312,4543,3849,8392,2060505,165.0,150.0,164.0
Fort Hamilton Pkwy ,Culver,Other Brooklyn,Brooklyn,4259,2624,2189,4813,1341506,232.0,231.0,231.0
15 St-Prospect Park ,Culver,Other Brooklyn,Brooklyn,4292,3075,2456,5531,1390166,230.0,211.0,227.0
7 Av ,Culver,Other Brooklyn,Brooklyn,8510,5470,4292,9762,2688069,123.0,132.0,129.0
Smith-9 Sts ,Culver,Other Brooklyn,Brooklyn,3084,1915,1492,3407,968460,301.0,281.0,296.0
Carroll St ,Culver,Other Brooklyn,Brooklyn,8432,5055,3916,8971,2625017,125.0,141.0,135.0
Bergen St ,Culver,Other Brooklyn,Brooklyn,8349,6071,4704,10775,2701492,129.0,113.0,128.0
York St ,Culver,Other Brooklyn,Brooklyn,9633,8843,7609,16452,3345474,102.0,63.0,96.0
Rockaway Park-Beach 116 St ,Rockaway,Queens,Queens,400,288,252,540,132504,420.0,413.0,420.0
Beach 105 St ,Rockaway,Queens,Queens,172,166,159,325,62878,423.0,422.0,422.0
Beach 98 St ,Rockaway,Queens,Queens,293,216,189,405,97689,421.0,419.0,421.0
Beach 90 St ,Rockaway,Queens,Queens,472,492,427,919,172663,418.0,404.0,416.0
Far Rockaway-Mott Av ,Rockaway,Queens,Queens,2817,1375,1098,2473,852781,318.0,328.0,319.0
Beach 25 St ,Rockaway,Queens,Queens,1071,459,381,840,318542,411.0,406.0,411.0
Beach 36 St ,Rockaway,Queens,Queens,563,272,222,494,170361,415.0,417.0,417.0
Beach 44 St ,Rockaway,Queens,Queens,462,227,182,409,140167,419.0,418.0,419.0
Beach 60 St ,Rockaway,Queens,Queens,1170,592,458,1050,355668,408.0,399.0,407.0
Beach 67 St-Arverne By The Sea ,Rockaway,Queens,Queens,1486,941,788,1729,474975,395.0,359.0,391.0
Broad Channel ,Rockaway,Queens,Queens,179,70,53,123,52378,422.0,423.0,423.0
Howard Beach-JFK Airport ,Rockaway,Queens,Queens,2455,1853,1791,3644,826955,342.0,270.0,325.0
Aqueduct-North Conduit Av ,Rockaway,Queens,Queens,558,211,165,376,162584,416.0,421.0,418.0
Aqueduct Racetrack ,Rockaway,Queens,Queens,557,600,488,1088,202474,417.0,395.0,415.0
Ozone Park-Lefferts Blvd ,Lefferts Blvd,Queens,Queens,4330,1902,1475,3377,1285335,228.0,282.0,240.0
111 St ,Lefferts Blvd,Queens,Queens,1589,663,481,1144,466344,389.0,390.0,392.0
104 St ,Lefferts Blvd,Queens,Queens,1235,521,385,906,363436,405.0,405.0,406.0
Rockaway Blvd ,Fulton St,Queens,Queens,4983,2584,2045,4629,1519523,203.0,238.0,213.0
88 St ,Fulton St,Queens,Queens,1935,885,666,1551,576816,361.0,373.0,367.0
80 St ,Fulton St,Queens,Queens,2961,1474,1185,2659,898594,310.0,317.0,309.0
Grant Av ,Fulton St,Other Brooklyn,Brooklyn,3839,1939,1579,3518,1169287,262.0,276.0,267.0
Euclid Av ,Fulton St,Other Brooklyn,Brooklyn,6777,4418,3409,7827,2146235,155.0,159.0,155.0
Shepherd Av ,Fulton St,Other Brooklyn,Brooklyn,1831,956,775,1731,559941,374.0,358.0,371.0
Van Siclen Av ,Fulton St,Other Brooklyn,Brooklyn,1701,945,766,1711,525801,381.0,361.0,379.0
Liberty Av ,Fulton St,Other Brooklyn,Brooklyn,1661,746,633,1379,497050,383.0,380.0,384.0
Rockaway Av ,Fulton St,Other Brooklyn,Brooklyn,3433,2120,1682,3802,1079621,283.0,264.0,280.0
Ralph Av ,Fulton St,Other Brooklyn,Brooklyn,3356,2228,1824,4052,1073687,287.0,257.0,281.0
Utica Av ,Fulton St,Other Brooklyn,Brooklyn,9083,6121,4902,11023,2907120,111.0,106.0,110.0
Kingston-Throop Avs ,Fulton St,Other Brooklyn,Brooklyn,4470,3118,2555,5673,1444252,224.0,204.0,220.0
Nostrand Av ,Fulton St,Other Brooklyn,Brooklyn,11753,8104,6277,14381,3768205,80.0,76.0,79.0
Clinton-Washington Avs ,Fulton St,Other Brooklyn,Brooklyn,4998,3307,2596,5903,1587595,202.0,194.0,206.0
Lafayette Av ,Fulton St,Other Brooklyn,Brooklyn,3711,3117,2603,5720,1252720,268.0,202.0,246.0
High St ,Fulton St,Other Brooklyn,Brooklyn,6859,4891,4063,8954,2247144,153.0,142.0,148.0
Fulton St ,Crosstown,Other Brooklyn,Brooklyn,4656,3608,2886,6494,1534593,215.0,187.0,211.0
Clinton-Washington Avs ,Crosstown,Other Brooklyn,Brooklyn,3968,2680,2066,4746,1263928,252.0,233.0,243.0
Classon Av ,Crosstown,Other Brooklyn,Brooklyn,4141,3007,2347,5354,1342389,241.0,215.0,230.0
Bedford-Nostrand Avs ,Crosstown,Other Brooklyn,Brooklyn,6027,4673,3707,8380,1985142,172.0,151.0,168.0
Myrtle-Willoughby Avs ,Crosstown,Other Brooklyn,Brooklyn,3977,2549,2109,4658,1265040,251.0,235.0,242.0
Flushing Av ,Crosstown,Other Brooklyn,Brooklyn,2416,1024,1056,2080,729349,346.0,339.0,346.0
Broadway ,Crosstown,Other Brooklyn,Brooklyn,3420,2385,2061,4446,1112371,285.0,244.0,277.0
Nassau Av ,Crosstown,Other Brooklyn,Brooklyn,6888,5854,4670,10524,2320186,152.0,117.0,144.0
Greenpoint Av ,Crosstown,Other Brooklyn,Brooklyn,7672,5221,4063,9284,2457616,140.0,137.0,140.0
21 St ,Crosstown,Queens,Queens,1350,1090,815,1905,448606,403.0,349.0,397.0
21 St-Queensbridge ,Queens Blvd.,Queens,Queens,5012,3170,2491,5661,1579379,200.0,205.0,208.0
Queens Plaza ,Queens Blvd,Queens,Queens,11616,7176,5653,12829,3645653,83.0,90.0,85.0
36 St ,Queens Blvd,Queens,Queens,2611,1142,812,1954,769239,331.0,346.0,339.0
Steinway St. ,Queens Blvd,Queens,Queens,8528,5914,4466,10380,2730057,121.0,122.0,125.0
46 St ,Queens Blvd,Queens,Queens,5332,3149,2491,5640,1662115,189.0,206.0,193.0
Northern Blvd ,Queens Blvd,Queens,Queens,4631,2307,1790,4097,1400392,217.0,255.0,225.0
65 St ,Queens Blvd,Queens,Queens,2348,1323,1109,2432,729908,348.0,329.0,345.0
Elmhurst Av ,Queens Blvd,Queens,Queens,8563,5044,4072,9116,2676734,120.0,139.0,130.0
Grand Av-Newtown ,Queens Blvd,Queens,Queens,12662,6977,5380,12357,3893242,71.0,93.0,74.0
Woodhaven Blvd ,Queens Blvd,Queens,Queens,13596,8094,6209,14303,4237180,66.0,79.0,67.0
63 Dr-Rego Park ,Queens Blvd,Queens,Queens,9889,5265,4298,9563,3033839,101.0,133.0,106.0
67 Av ,Queens Blvd,Queens,Queens,5540,2561,2046,4607,1658341,181.0,239.0,194.0
Forest Hills-71 Av ,Queens Blvd,Queens,Queens,17846,10410,7637,18047,5509732,42.0,50.0,43.0
75 Av ,Queens Blvd,Queens,Queens,2221,1230,971,2201,683707,352.0,334.0,352.0
Kew Gardens-Union Turnpike ,Queens Blvd,Queens,Queens,16603,8340,6412,14752,5016215,49.0,73.0,53.0
Briarwood-Van Wyck Blvd ,Queens Blvd,Queens,Queens,3443,1761,1392,3153,1046884,282.0,294.0,286.0
Sutphin Blvd ,Queens Blvd,Queens,Queens,2834,1654,1323,2977,882617,316.0,302.0,312.0
Parsons Blvd ,Queens Blvd,Queens,Queens,5008,3195,2555,5750,1584984,201.0,201.0,207.0
169 St ,Queens Blvd,Queens,Queens,5298,2905,2234,5139,1627817,190.0,222.0,200.0
Jamaica-179 St ,Queens Blvd,Queens,Queens,13279,6006,4484,10490,3944828,67.0,118.0,72.0
Jamaica-Van Wyck ,Queens Blvd,Queens,Queens,3260,1975,1400,3375,1010728,288.0,284.0,291.0
121 St ,Jamaica,Queens,Queens,1658,553,431,984,476966,384.0,402.0,390.0
111 St ,Jamaica,Queens,Queens,1603,446,370,816,453695,388.0,407.0,396.0
104 St ,Jamaica,Queens,Queens,2091,604,460,1064,591761,356.0,397.0,361.0
Woodhaven Blvd ,Jamaica,Queens,Queens,1935,629,507,1136,557522,361.0,392.0,373.0
85 St-Forest Pkwy ,Jamaica,Queens,Queens,2914,889,684,1573,829926,311.0,372.0,324.0
75 St-Elderts Ln ,Jamaica,Queens,Queens,1407,419,370,789,403508,399.0,408.0,400.0
Cypress Hills ,Jamaica,Other Brooklyn,Brooklyn,1016,272,225,497,286484,412.0,416.0,412.0
Crescent St ,Jamaica,Other Brooklyn,Brooklyn,2360,1635,1237,2872,756318,347.0,305.0,341.0
Norwood Av ,Jamaica,Other Brooklyn,Brooklyn,1508,778,595,1373,458742,394.0,382.0,394.0
Cleveland St ,Jamaica,Other Brooklyn,Brooklyn,1422,800,632,1432,440455,397.0,379.0,398.0
Van Siclen Av ,Jamaica,Other Brooklyn,Brooklyn,1677,906,717,1623,515895,382.0,367.0,381.0
Alabama Av ,Jamaica,Other Brooklyn,Brooklyn,1205,613,468,1081,365995,406.0,396.0,405.0
Chauncey St ,Jamaica,Other Brooklyn,Brooklyn,1895,1468,1144,2612,623164,368.0,321.0,356.0
Halsey St ,Jamaica,Other Brooklyn,Brooklyn,3847,2819,2237,5056,1253085,259.0,224.0,245.0
Gates Av ,Jamaica,Other Brooklyn,Brooklyn,4512,3214,2495,5709,1458035,221.0,203.0,218.0
Kosciuszko St ,Jamaica,Other Brooklyn,Brooklyn,3643,2946,2339,5285,1214488,272.0,218.0,252.0
Myrtle Av ,Jamaica,Other Brooklyn,Brooklyn,8209,5841,4614,10455,2654490,134.0,119.0,132.0
Flushing Av ,Jamaica,Other Brooklyn,Brooklyn,5217,3007,2320,5327,1614503,192.0,217.0,201.0
Lorimer St ,Jamaica,Other Brooklyn,Brooklyn,2792,1784,1532,3316,890789,320.0,287.0,310.0
Hewes St ,Jamaica,Other Brooklyn,Brooklyn,1849,1449,1189,2638,612920,373.0,319.0,358.0
Marcy Av ,Jamaica,Other Brooklyn,Brooklyn,8867,6139,5082,11221,2864396,113.0,101.0,114.0
Middle Village-Metropolitan Av ,Myrtle Av,Queens,Queens,2774,1004,754,1758,798449,321.0,356.0,333.0
Fresh Pond Rd ,Myrtle Av,Queens,Queens,4047,1776,1331,3107,1195169,247.0,297.0,259.0
Forest Av ,Myrtle Av,Queens,Queens,3108,1430,1075,2505,923548,296.0,326.0,307.0
Seneca Av ,Myrtle Av,Queens,Queens,2023,1084,849,1933,617361,358.0,348.0,357.0
Knickerbocker Av ,Myrtle Av,Other Brooklyn,Brooklyn,2814,1547,1207,2754,862039,319.0,313.0,317.0
Central Av ,Myrtle Av,Other Brooklyn,Brooklyn,2711,1427,1069,2496,821947,326.0,327.0,329.0
Canarsie-Rockaway Pkwy ,Canarsie,Other Brooklyn,Brooklyn,2894,1313,985,2298,861420,312.0,332.0,318.0
East 105 St ,Canarsie,Other Brooklyn,Brooklyn,2031,895,682,1577,602303,357.0,371.0,359.0
New Lots Av ,Canarsie,Other Brooklyn,Brooklyn,2307,1110,910,2020,697822,350.0,344.0,350.0
Livonia Av ,Canarsie,Other Brooklyn,Brooklyn,1919,1040,815,1855,590252,364.0,353.0,362.0
Sutter Av ,Canarsie,Other Brooklyn,Brooklyn,1585,761,616,1377,479262,390.0,381.0,389.0
Atlantic Av ,Canarsie,Other Brooklyn,Brooklyn,1152,591,472,1063,351212,409.0,398.0,408.0
Bushwick Av-Aberdeen St ,Canarsie,Other Brooklyn,Brooklyn,1726,1105,890,1995,548179,380.0,345.0,374.0
Wilson Av ,Canarsie,Other Brooklyn,Brooklyn,3010,1870,1546,3416,952643,307.0,279.0,300.0
Halsey St ,Canarsie,Other Brooklyn,Brooklyn,5434,3287,2761,6048,1713746,185.0,191.0,185.0
DeKalb Av ,Canarsie,Other Brooklyn,Brooklyn,8574,6123,4771,10894,2772609,119.0,109.0,120.0
Jefferson St ,Canarsie,Other Brooklyn,Brooklyn,5875,5844,4871,10715,2075924,174.0,114.0,163.0
Morgan Av ,Canarsie,Other Brooklyn,Brooklyn,5220,4597,3562,8159,1769142,191.0,155.0,179.0
Montrose Av ,Canarsie,Other Brooklyn,Brooklyn,4979,4262,3425,7687,1683408,204.0,164.0,190.0
Grand St ,Canarsie,Other Brooklyn,Brooklyn,4744,3075,2333,5408,1499646,211.0,214.0,215.0
Graham Av ,Canarsie,Other Brooklyn,Brooklyn,6732,4775,3595,8370,2164641,156.0,152.0,152.0
Bedford Av ,Canarsie,Other Brooklyn,Brooklyn,23653,24869,19142,44011,8399477,25.0,15.0,23.0
Flushing-Main St ,Flushing (Queens),Queens,Queens,43226,29696,23487,53183,13876213,10.0,10.0,10.0
Mets-Willets Point ,Flushing (Queens),Queens,Queens,4514,6515,5434,11949,1818251,220.0,97.0,176.0
111 St ,Flushing (Queens),Queens,Queens,6349,5044,3837,8881,2098984,164.0,144.0,160.0
103 St-Corona Plaza ,Flushing (Queens),Queens,Queens,20679,12172,9683,21855,6460459,28.0,37.0,30.0
Junction Blvd ,Flushing (Queens),Queens,Queens,20384,15848,12432,28280,6720760,31.0,27.0,28.0
90 St-Elmhurst Av ,Flushing (Queens),Queens,Queens,13918,9408,7681,17089,4476908,64.0,58.0,61.0
82 St-Jackson Hts ,Flushing (Queens),Queens,Queens,8343,6155,4820,10975,2722243,130.0,108.0,126.0
69 St ,Flushing (Queens),Queens,Queens,4325,2981,2357,5338,1391674,229.0,216.0,226.0
Woodside-61 St ,Flushing (Queens),Queens,Queens,13225,8636,7081,15717,4222161,68.0,66.0,68.0
52 St ,Flushing (Queens),Queens,Queens,4449,2835,2155,4990,1402690,225.0,225.0,224.0
46 St-Bliss St ,Flushing (Queens),Queens,Queens,9157,6027,4546,10573,2903856,109.0,115.0,111.0
40 St-Lowery St ,Flushing (Queens),Queens,Queens,7058,4158,3125,7283,2189736,147.0,171.0,150.0
33 St-Rawson St ,Flushing (Queens),Queens,Queens,6194,1627,1041,2668,1714912,167.0,316.0,183.0
Hunters Point Av ,Flushing (Queens),Queens,Queens,3810,754,498,1252,1039399,264.0,387.0,288.0
Vernon Blvd-Jackson Av ,Flushing (Queens),Queens,Queens,11662,6830,5349,12179,3631659,81.0,94.0,86.0
Astoria-Ditmars Blvd ,Astoria,Queens,Queens,10425,6195,4601,10796,3234661,97.0,111.0,100.0
Astoria Blvd ,Astoria,Queens,Queens,7526,4570,3466,8036,2350512,142.0,157.0,142.0
30 Av ,Astoria,Queens,Queens,9607,6039,4529,10568,3015519,103.0,116.0,107.0
Broadway ,Astoria,Queens,Queens,8653,5949,4444,10393,2763230,118.0,121.0,122.0
36 Av ,Astoria,Queens,Queens,4677,3024,2261,5285,1475603,214.0,218.0,216.0
39 Av ,Astoria,Queens,Queens,2563,1609,1222,2831,805613,335.0,307.0,332.0
Court St ,Downtown Brooklyn Transfer,Brooklyn CBD,Brooklyn,20372,9289,7312,16601,6066699,32.0,61.0,32.0
Jay St-MetroTech ,Downtown Brooklyn Transfer,Brooklyn CBD,Brooklyn,24204,12274,9941,22215,7343495,24.0,36.0,26.0
Hoyt-Schermerhorn Sts ,Downtown Brooklyn Transfer,Brooklyn CBD,Brooklyn,8428,6586,5486,12072,2795555,126.0,96.0,119.0
DeKalb Av ,Downtown Brooklyn Transfer,Brooklyn CBD,Brooklyn,13759,7907,6408,14315,4272247,65.0,78.0,64.0
Atlantic Av-Barclays Ctr ,Downtown Brooklyn Transfer,Brooklyn CBD,Brooklyn,29183,21902,18172,40074,9583506,19.0,18.0,20.0
Prospect Park ,Other Brooklyn Transfer,Other Brooklyn,Brooklyn,6489,4684,4497,9181,2150487,161.0,138.0,154.0
Franklin Av ,Other Brooklyn Transfer,Other Brooklyn,Brooklyn,10092,7678,6067,13745,3312190,100.0,86.0,98.0
Franklin Av ,Other Brooklyn Transfer,Other Brooklyn,Brooklyn,3667,2756,2346,5102,1210340,270.0,223.0,256.0
New Utrecht Av ,Other Brooklyn Transfer,Other Brooklyn,Brooklyn,3765,2417,2055,4472,1201167,266.0,243.0,257.0
4 Av ,Other Brooklyn Transfer,Other Brooklyn,Brooklyn,8766,6267,4937,11204,2832325,115.0,103.0,116.0
Broadway Junction ,Other Brooklyn Transfer,Other Brooklyn,Brooklyn,4905,4110,3302,7412,1647748,208.0,168.0,196.0
Myrtle-Wyckoff Avs ,Other Brooklyn Transfer,Other Brooklyn,Brooklyn,15276,11634,9037,20671,5009020,56.0,40.0,54.0
Lorimer St ,Other Brooklyn Transfer,Other Brooklyn,Brooklyn,10951,11547,9099,20646,3903034,90.0,41.0,73.0
Coney Island-Stillwell Av ,Other Brooklyn Transfer,Other Brooklyn,Brooklyn,9353,8082,6977,15059,3220518,108.0,71.0,101.0
West 8 St-New York Aquarium ,Other Brooklyn Transfer,Other Brooklyn,Brooklyn,1903,1451,1329,2780,640138,367.0,312.0,355.0
Queensboro Plaza ,Queens Transfer,Queens,Queens,10698,8822,6827,15649,3573523,92.0,68.0,88.0
74-Broadway ,Queens Transfer,Queens,Queens,43672,32767,26740,59507,14348691,9.0,8.0,9.0
Court Sq ,Queens Transfer,Queens,Queens,17116,10681,8360,19041,5381184,47.0,46.0,48.0
Sutphin Blvd-Archer Av-JFK Airport ,Queens Transfer,Queens,Queens,19068,10868,8951,19819,5941974,35.0,43.0,34.0
Jamaica Center-Parsons-Archer ,Queens Transfer,Queens,Queens,19529,7911,5839,13750,5715839,33.0,85.0,39.0
nan,,,,3625326,2356528,1880767,4237295,1151998158,,,
